<?xml version="1.0" encoding="UTF-8"?>
<project-private xmlns="http://www.netbeans.org/ns/project-private/1">
    <data xmlns="http://www.netbeans.org/ns/make-project-private/1">
        <activeConfTypeElem>1</activeConfTypeElem>
        <activeConfIndexElem>0</activeConfIndexElem>
    </data>
    <editor-bookmarks xmlns="http://www.netbeans.org/ns/editor-bookmarks/2" lastBookmarkId="0"/>
    <open-files xmlns="http://www.netbeans.org/ns/projectui-open-files/2">
        <group>
            <file>file:/C:/Users/J%20to%20the%20S%20to%20the%20B/Documents/School/C++/BaliskyJonthan_CSD5_46091/Homework/Assignment%202/Gaddis%207th%20ed%20Chap3%20prob%201/%20prob%201.cpp</file>
        </group>
    </open-files>
</project-private>
